模块编号,模块名称,所属系统,模块类型,机制与病理基础,危险信号（升级标准）,护理评估要点,护理措施,复评时间,效果评价,健康教育要点,护理记录模板,SBAR模板,参考依据
1,发热,生命体征与急危识别,生命体征,发热常见原因包括基础疾病、治疗相关因素（如手术/药物/化疗）、摄入与丢失失衡或感染/炎症等；需结合病史与趋势判断。,任一出现需立即升级：生命体征不稳、意识改变、呼吸困难/低氧、持续加重、胸痛/出血、抽搐、尿量明显减少。,生命体征（T/P/R/BP/SpO₂）、症状性质与程度、起病时间与诱因、既往史/用药史、相关体征、检查检验趋势。,安全优先：体位与气道管理；遵医嘱对因/对症；加强监测与记录；处理可逆诱因；必要时通知医生/启动急救流程。,急性变化：15–30分钟复评；稳定后：1–4小时复评；按医嘱复查化验/影像。,症状减轻、生命体征稳定或趋于目标范围；无新增不良事件；患者/家属理解并配合。,解释原因与注意事项；告知红旗症状及呼叫铃使用；饮食/活动/用药依从；安全防护（跌倒/感染/压疮）。,主诉：患者诉发热相关不适。评估：T×℃ P×次/分 R×次/分 BP××mmHg SpO₂××%，症状××。处理：已实施监测与对症护理，遵医嘱给予××，完善宣教。复评：急性变化：15–30分钟复评；稳定后：1–4小时复评；按医嘱复查化验/影像。，症状××，生命体征××。,"S：患者出现发热（程度××）。
B：既往××，近期治疗/用药××。
A：生命体征××，相关检查××，评估为××风险。
R：建议/已执行××，请评估是否需调整治疗/进一步检查。",《护理学基础》《内科护理学》《外科护理学》；医院制度/流程；相关指南共识（按需补充）。
2,低体温,生命体征与急危识别,生命体征,低体温常见原因包括基础疾病、治疗相关因素（如手术/药物/化疗）、摄入与丢失失衡或感染/炎症等；需结合病史与趋势判断。,任一出现需立即升级：生命体征不稳、意识改变、呼吸困难/低氧、持续加重、胸痛/出血、抽搐、尿量明显减少。,生命体征（T/P/R/BP/SpO₂）、症状性质与程度、起病时间与诱因、既往史/用药史、相关体征、检查检验趋势。,安全优先：体位与气道管理；遵医嘱对因/对症；加强监测与记录；处理可逆诱因；必要时通知医生/启动急救流程。,急性变化：15–30分钟复评；稳定后：1–4小时复评；按医嘱复查化验/影像。,症状减轻、生命体征稳定或趋于目标范围；无新增不良事件；患者/家属理解并配合。,解释原因与注意事项；告知红旗症状及呼叫铃使用；饮食/活动/用药依从；安全防护（跌倒/感染/压疮）。,主诉：患者诉低体温相关不适。评估：T×℃ P×次/分 R×次/分 BP××mmHg SpO₂××%，症状××。处理：已实施监测与对症护理，遵医嘱给予××，完善宣教。复评：急性变化：15–30分钟复评；稳定后：1–4小时复评；按医嘱复查化验/影像。，症状××，生命体征××。,"S：患者出现低体温（程度××）。
B：既往××，近期治疗/用药××。
A：生命体征××，相关检查××，评估为××风险。
R：建议/已执行××，请评估是否需调整治疗/进一步检查。",《护理学基础》《内科护理学》《外科护理学》；医院制度/流程；相关指南共识（按需补充）。
3,呼吸困难,生命体征与急危识别,生命体征,呼吸困难常见原因包括基础疾病、治疗相关因素（如手术/药物/化疗）、摄入与丢失失衡或感染/炎症等；需结合病史与趋势判断。,任一出现需立即升级：生命体征不稳、意识改变、呼吸困难/低氧、持续加重、胸痛/出血、抽搐、尿量明显减少。,生命体征（T/P/R/BP/SpO₂）、症状性质与程度、起病时间与诱因、既往史/用药史、相关体征、检查检验趋势。,安全优先：体位与气道管理；遵医嘱对因/对症；加强监测与记录；处理可逆诱因；必要时通知医生/启动急救流程。,急性变化：15–30分钟复评；稳定后：1–4小时复评；按医嘱复查化验/影像。,症状减轻、生命体征稳定或趋于目标范围；无新增不良事件；患者/家属理解并配合。,解释原因与注意事项；告知红旗症状及呼叫铃使用；饮食/活动/用药依从；安全防护（跌倒/感染/压疮）。,主诉：患者诉呼吸困难相关不适。评估：T×℃ P×次/分 R×次/分 BP××mmHg SpO₂××%，症状××。处理：已实施监测与对症护理，遵医嘱给予××，完善宣教。复评：急性变化：15–30分钟复评；稳定后：1–4小时复评；按医嘱复查化验/影像。，症状××，生命体征××。,"S：患者出现呼吸困难（程度××）。
B：既往××，近期治疗/用药××。
A：生命体征××，相关检查××，评估为××风险。
R：建议/已执行××，请评估是否需调整治疗/进一步检查。",《护理学基础》《内科护理学》《外科护理学》；医院制度/流程；相关指南共识（按需补充）。
4,低氧血症,生命体征与急危识别,生命体征,低氧血症常见原因包括基础疾病、治疗相关因素（如手术/药物/化疗）、摄入与丢失失衡或感染/炎症等；需结合病史与趋势判断。,任一出现需立即升级：生命体征不稳、意识改变、呼吸困难/低氧、持续加重、胸痛/出血、抽搐、尿量明显减少。,生命体征（T/P/R/BP/SpO₂）、症状性质与程度、起病时间与诱因、既往史/用药史、相关体征、检查检验趋势。,安全优先：体位与气道管理；遵医嘱对因/对症；加强监测与记录；处理可逆诱因；必要时通知医生/启动急救流程。,急性变化：15–30分钟复评；稳定后：1–4小时复评；按医嘱复查化验/影像。,症状减轻、生命体征稳定或趋于目标范围；无新增不良事件；患者/家属理解并配合。,解释原因与注意事项；告知红旗症状及呼叫铃使用；饮食/活动/用药依从；安全防护（跌倒/感染/压疮）。,主诉：患者诉低氧血症相关不适。评估：T×℃ P×次/分 R×次/分 BP××mmHg SpO₂××%，症状××。处理：已实施监测与对症护理，遵医嘱给予××，完善宣教。复评：急性变化：15–30分钟复评；稳定后：1–4小时复评；按医嘱复查化验/影像。，症状××，生命体征××。,"S：患者出现低氧血症（程度××）。
B：既往××，近期治疗/用药××。
A：生命体征××，相关检查××，评估为××风险。
R：建议/已执行××，请评估是否需调整治疗/进一步检查。",《护理学基础》《内科护理学》《外科护理学》；医院制度/流程；相关指南共识（按需补充）。
5,胸痛,生命体征与急危识别,症状,胸痛常见原因包括基础疾病、治疗相关因素（如手术/药物/化疗）、摄入与丢失失衡或感染/炎症等；需结合病史与趋势判断。,任一出现需立即升级：生命体征不稳、意识改变、呼吸困难/低氧、持续加重、胸痛/出血、抽搐、尿量明显减少。,生命体征（T/P/R/BP/SpO₂）、症状性质与程度、起病时间与诱因、既往史/用药史、相关体征、检查检验趋势。,安全优先：体位与气道管理；遵医嘱对因/对症；加强监测与记录；处理可逆诱因；必要时通知医生/启动急救流程。,急性变化：15–30分钟复评；稳定后：1–4小时复评；按医嘱复查化验/影像。,症状减轻、生命体征稳定或趋于目标范围；无新增不良事件；患者/家属理解并配合。,解释原因与注意事项；告知红旗症状及呼叫铃使用；饮食/活动/用药依从；安全防护（跌倒/感染/压疮）。,主诉：患者诉胸痛相关不适。评估：T×℃ P×次/分 R×次/分 BP××mmHg SpO₂××%，症状××。处理：已实施监测与对症护理，遵医嘱给予××，完善宣教。复评：急性变化：15–30分钟复评；稳定后：1–4小时复评；按医嘱复查化验/影像。，症状××，生命体征××。,"S：患者出现胸痛（程度××）。
B：既往××，近期治疗/用药××。
A：生命体征××，相关检查××，评估为××风险。
R：建议/已执行××，请评估是否需调整治疗/进一步检查。",《护理学基础》《内科护理学》《外科护理学》；医院制度/流程；相关指南共识（按需补充）。
6,心律失常,生命体征与急危识别,检查异常,心律失常常见原因包括基础疾病、治疗相关因素（如手术/药物/化疗）、摄入与丢失失衡或感染/炎症等；需结合病史与趋势判断。,任一出现需立即升级：生命体征不稳、意识改变、呼吸困难/低氧、持续加重、胸痛/出血、抽搐、尿量明显减少。,生命体征（T/P/R/BP/SpO₂）、症状性质与程度、起病时间与诱因、既往史/用药史、相关体征、检查检验趋势。,安全优先：体位与气道管理；遵医嘱对因/对症；加强监测与记录；处理可逆诱因；必要时通知医生/启动急救流程。,急性变化：15–30分钟复评；稳定后：1–4小时复评；按医嘱复查化验/影像。,症状减轻、生命体征稳定或趋于目标范围；无新增不良事件；患者/家属理解并配合。,解释原因与注意事项；告知红旗症状及呼叫铃使用；饮食/活动/用药依从；安全防护（跌倒/感染/压疮）。,主诉：患者诉心律失常相关不适。评估：T×℃ P×次/分 R×次/分 BP××mmHg SpO₂××%，症状××。处理：已实施监测与对症护理，遵医嘱给予××，完善宣教。复评：急性变化：15–30分钟复评；稳定后：1–4小时复评；按医嘱复查化验/影像。，症状××，生命体征××。,"S：患者出现心律失常（程度××）。
B：既往××，近期治疗/用药××。
A：生命体征××，相关检查××，评估为××风险。
R：建议/已执行××，请评估是否需调整治疗/进一步检查。",《护理学基础》《内科护理学》《外科护理学》；医院制度/流程；相关指南共识（按需补充）。
7,低血压,生命体征与急危识别,生命体征,低血压常见原因包括基础疾病、治疗相关因素（如手术/药物/化疗）、摄入与丢失失衡或感染/炎症等；需结合病史与趋势判断。,任一出现需立即升级：生命体征不稳、意识改变、呼吸困难/低氧、持续加重、胸痛/出血、抽搐、尿量明显减少。,生命体征（T/P/R/BP/SpO₂）、症状性质与程度、起病时间与诱因、既往史/用药史、相关体征、检查检验趋势。,安全优先：体位与气道管理；遵医嘱对因/对症；加强监测与记录；处理可逆诱因；必要时通知医生/启动急救流程。,急性变化：15–30分钟复评；稳定后：1–4小时复评；按医嘱复查化验/影像。,症状减轻、生命体征稳定或趋于目标范围；无新增不良事件；患者/家属理解并配合。,解释原因与注意事项；告知红旗症状及呼叫铃使用；饮食/活动/用药依从；安全防护（跌倒/感染/压疮）。,主诉：患者诉低血压相关不适。评估：T×℃ P×次/分 R×次/分 BP××mmHg SpO₂××%，症状××。处理：已实施监测与对症护理，遵医嘱给予××，完善宣教。复评：急性变化：15–30分钟复评；稳定后：1–4小时复评；按医嘱复查化验/影像。，症状××，生命体征××。,"S：患者出现低血压（程度××）。
B：既往××，近期治疗/用药××。
A：生命体征××，相关检查××，评估为××风险。
R：建议/已执行××，请评估是否需调整治疗/进一步检查。",《护理学基础》《内科护理学》《外科护理学》；医院制度/流程；相关指南共识（按需补充）。
8,高血压危象,生命体征与急危识别,生命体征,高血压危象常见原因包括基础疾病、治疗相关因素（如手术/药物/化疗）、摄入与丢失失衡或感染/炎症等；需结合病史与趋势判断。,任一出现需立即升级：生命体征不稳、意识改变、呼吸困难/低氧、持续加重、胸痛/出血、抽搐、尿量明显减少。,生命体征（T/P/R/BP/SpO₂）、症状性质与程度、起病时间与诱因、既往史/用药史、相关体征、检查检验趋势。,安全优先：体位与气道管理；遵医嘱对因/对症；加强监测与记录；处理可逆诱因；必要时通知医生/启动急救流程。,急性变化：15–30分钟复评；稳定后：1–4小时复评；按医嘱复查化验/影像。,症状减轻、生命体征稳定或趋于目标范围；无新增不良事件；患者/家属理解并配合。,解释原因与注意事项；告知红旗症状及呼叫铃使用；饮食/活动/用药依从；安全防护（跌倒/感染/压疮）。,主诉：患者诉高血压危象相关不适。评估：T×℃ P×次/分 R×次/分 BP××mmHg SpO₂××%，症状××。处理：已实施监测与对症护理，遵医嘱给予××，完善宣教。复评：急性变化：15–30分钟复评；稳定后：1–4小时复评；按医嘱复查化验/影像。，症状××，生命体征××。,"S：患者出现高血压危象（程度××）。
B：既往××，近期治疗/用药××。
A：生命体征××，相关检查××，评估为××风险。
R：建议/已执行××，请评估是否需调整治疗/进一步检查。",《护理学基础》《内科护理学》《外科护理学》；医院制度/流程；相关指南共识（按需补充）。
9,意识障碍,生命体征与急危识别,症状,意识障碍常见原因包括基础疾病、治疗相关因素（如手术/药物/化疗）、摄入与丢失失衡或感染/炎症等；需结合病史与趋势判断。,任一出现需立即升级：生命体征不稳、意识改变、呼吸困难/低氧、持续加重、胸痛/出血、抽搐、尿量明显减少。,生命体征（T/P/R/BP/SpO₂）、症状性质与程度、起病时间与诱因、既往史/用药史、相关体征、检查检验趋势。,安全优先：体位与气道管理；遵医嘱对因/对症；加强监测与记录；处理可逆诱因；必要时通知医生/启动急救流程。,急性变化：15–30分钟复评；稳定后：1–4小时复评；按医嘱复查化验/影像。,症状减轻、生命体征稳定或趋于目标范围；无新增不良事件；患者/家属理解并配合。,解释原因与注意事项；告知红旗症状及呼叫铃使用；饮食/活动/用药依从；安全防护（跌倒/感染/压疮）。,主诉：患者诉意识障碍相关不适。评估：T×℃ P×次/分 R×次/分 BP××mmHg SpO₂××%，症状××。处理：已实施监测与对症护理，遵医嘱给予××，完善宣教。复评：急性变化：15–30分钟复评；稳定后：1–4小时复评；按医嘱复查化验/影像。，症状××，生命体征××。,"S：患者出现意识障碍（程度××）。
B：既往××，近期治疗/用药××。
A：生命体征××，相关检查××，评估为××风险。
R：建议/已执行××，请评估是否需调整治疗/进一步检查。",《护理学基础》《内科护理学》《外科护理学》；医院制度/流程；相关指南共识（按需补充）。
10,过敏反应,生命体征与急危识别,急危,过敏反应常见原因包括基础疾病、治疗相关因素（如手术/药物/化疗）、摄入与丢失失衡或感染/炎症等；需结合病史与趋势判断。,任一出现需立即升级：生命体征不稳、意识改变、呼吸困难/低氧、持续加重、胸痛/出血、抽搐、尿量明显减少。,生命体征（T/P/R/BP/SpO₂）、症状性质与程度、起病时间与诱因、既往史/用药史、相关体征、检查检验趋势。,安全优先：体位与气道管理；遵医嘱对因/对症；加强监测与记录；处理可逆诱因；必要时通知医生/启动急救流程。,急性变化：15–30分钟复评；稳定后：1–4小时复评；按医嘱复查化验/影像。,症状减轻、生命体征稳定或趋于目标范围；无新增不良事件；患者/家属理解并配合。,解释原因与注意事项；告知红旗症状及呼叫铃使用；饮食/活动/用药依从；安全防护（跌倒/感染/压疮）。,主诉：患者诉过敏反应相关不适。评估：T×℃ P×次/分 R×次/分 BP××mmHg SpO₂××%，症状××。处理：已实施监测与对症护理，遵医嘱给予××，完善宣教。复评：急性变化：15–30分钟复评；稳定后：1–4小时复评；按医嘱复查化验/影像。，症状××，生命体征××。,"S：患者出现过敏反应（程度××）。
B：既往××，近期治疗/用药××。
A：生命体征××，相关检查××，评估为××风险。
R：建议/已执行××，请评估是否需调整治疗/进一步检查。",《护理学基础》《内科护理学》《外科护理学》；医院制度/流程；相关指南共识（按需补充）。
11,急性出血,生命体征与急危识别,急危,急性出血常见原因包括基础疾病、治疗相关因素（如手术/药物/化疗）、摄入与丢失失衡或感染/炎症等；需结合病史与趋势判断。,任一出现需立即升级：生命体征不稳、意识改变、呼吸困难/低氧、持续加重、胸痛/出血、抽搐、尿量明显减少。,生命体征（T/P/R/BP/SpO₂）、症状性质与程度、起病时间与诱因、既往史/用药史、相关体征、检查检验趋势。,安全优先：体位与气道管理；遵医嘱对因/对症；加强监测与记录；处理可逆诱因；必要时通知医生/启动急救流程。,急性变化：15–30分钟复评；稳定后：1–4小时复评；按医嘱复查化验/影像。,症状减轻、生命体征稳定或趋于目标范围；无新增不良事件；患者/家属理解并配合。,解释原因与注意事项；告知红旗症状及呼叫铃使用；饮食/活动/用药依从；安全防护（跌倒/感染/压疮）。,主诉：患者诉急性出血相关不适。评估：T×℃ P×次/分 R×次/分 BP××mmHg SpO₂××%，症状××。处理：已实施监测与对症护理，遵医嘱给予××，完善宣教。复评：急性变化：15–30分钟复评；稳定后：1–4小时复评；按医嘱复查化验/影像。，症状××，生命体征××。,"S：患者出现急性出血（程度××）。
B：既往××，近期治疗/用药××。
A：生命体征××，相关检查××，评估为××风险。
R：建议/已执行××，请评估是否需调整治疗/进一步检查。",《护理学基础》《内科护理学》《外科护理学》；医院制度/流程；相关指南共识（按需补充）。
12,休克,生命体征与急危识别,急危,休克常见原因包括基础疾病、治疗相关因素（如手术/药物/化疗）、摄入与丢失失衡或感染/炎症等；需结合病史与趋势判断。,任一出现需立即升级：生命体征不稳、意识改变、呼吸困难/低氧、持续加重、胸痛/出血、抽搐、尿量明显减少。,生命体征（T/P/R/BP/SpO₂）、症状性质与程度、起病时间与诱因、既往史/用药史、相关体征、检查检验趋势。,安全优先：体位与气道管理；遵医嘱对因/对症；加强监测与记录；处理可逆诱因；必要时通知医生/启动急救流程。,急性变化：15–30分钟复评；稳定后：1–4小时复评；按医嘱复查化验/影像。,症状减轻、生命体征稳定或趋于目标范围；无新增不良事件；患者/家属理解并配合。,解释原因与注意事项；告知红旗症状及呼叫铃使用；饮食/活动/用药依从；安全防护（跌倒/感染/压疮）。,主诉：患者诉休克相关不适。评估：T×℃ P×次/分 R×次/分 BP××mmHg SpO₂××%，症状××。处理：已实施监测与对症护理，遵医嘱给予××，完善宣教。复评：急性变化：15–30分钟复评；稳定后：1–4小时复评；按医嘱复查化验/影像。，症状××，生命体征××。,"S：患者出现休克（程度××）。
B：既往××，近期治疗/用药××。
A：生命体征××，相关检查××，评估为××风险。
R：建议/已执行××，请评估是否需调整治疗/进一步检查。",《护理学基础》《内科护理学》《外科护理学》；医院制度/流程；相关指南共识（按需补充）。
13,疼痛,常见症状,症状,疼痛与组织损伤/炎症、肿瘤压迫、手术创伤或神经病理性机制相关；需分级评估并阶梯处理。,NRS≥7、突发剧烈胸痛/腹痛伴出汗/低血压/意识改变、镇痛后呼吸抑制需立即报告。,NRS评分、部位/性质/持续时间、诱因、生命体征、既往镇痛用药及不良反应风险（呼吸抑制、便秘）。,先评估后处理：舒适体位/分散注意；按阶梯镇痛遵医嘱给药；监测镇痛不良反应；预防便秘；必要时SBAR报告。,口服：1小时复评；静脉：15分钟复评；肌/皮下：30分钟复评。,NRS下降≥2分或达目标；无明显不良反应；睡眠/活动耐受改善。,说明复评时间与按需用药；勿自行加量；嗜睡/呼吸困难/便秘严重及时告知。,主诉：患者诉疼痛相关不适。评估：NRS评分、部位/性质/持续时间、诱因、生命体征、既往镇痛用药及不良反应风险（呼吸抑制、便秘）。（记录关键数值/评分）。处理：先评估后处理：舒适体位/分散注意；按阶梯镇痛遵医嘱给药；监测镇痛不良反应；预防便秘；必要时SBAR报告。。复评：口服：1小时复评；静脉：15分钟复评；肌/皮下：30分钟复评。，结果：NRS下降≥2分或达目标；无明显不良反应；睡眠/活动耐受改善。。,"S：患者疼痛（程度/评分××）。
B：既往/治疗相关××。
A：NRS评分、部位/性质/持续时间、诱因、生命体征、既往镇痛用药及不良反应风险（呼吸抑制、便秘）。。
R：先评估后处理：舒适体位/分散注意；按阶梯镇痛遵医嘱给药；监测镇痛不良反应；预防便秘；必要时SBAR报告。；请评估后续处理。",《护理学基础》《内科护理学》《外科护理学》；医院制度/流程；相关指南共识（按需补充）。
14,恶心呕吐,常见症状,症状,与胃肠刺激、药物（如化疗/阿片）、颅内压增高、电解质紊乱等相关；重点防误吸与脱水。,频繁呕吐伴误吸/意识改变、呕血/黑便、无法进水、低血压或少尿需立即报告。,呕吐次数/量/性状、腹痛腹胀、进食饮水、生命体征、脱水体征、用药史。,头偏向一侧防误吸；清理口腔；抬高床头；少量多次补液；遵医嘱止吐；必要时补液与电解质评估。,用药后30–60分钟复评；持续呕吐按医嘱复查电解质/尿量。,恶心减轻、呕吐减少/停止；无误吸；尿量改善。,少量多餐、避免油腻辛辣；出现呕血/呼吸困难及时呼叫。,主诉：患者诉恶心呕吐相关不适。评估：呕吐次数/量/性状、腹痛腹胀、进食饮水、生命体征、脱水体征、用药史。（记录关键数值/评分）。处理：头偏向一侧防误吸；清理口腔；抬高床头；少量多次补液；遵医嘱止吐；必要时补液与电解质评估。。复评：用药后30–60分钟复评；持续呕吐按医嘱复查电解质/尿量。，结果：恶心减轻、呕吐减少/停止；无误吸；尿量改善。。,"S：患者恶心呕吐（程度/评分××）。
B：既往/治疗相关××。
A：呕吐次数/量/性状、腹痛腹胀、进食饮水、生命体征、脱水体征、用药史。。
R：头偏向一侧防误吸；清理口腔；抬高床头；少量多次补液；遵医嘱止吐；必要时补液与电解质评估。；请评估后续处理。",《护理学基础》《内科护理学》《外科护理学》；医院制度/流程；相关指南共识（按需补充）。
15,腹胀,常见症状,症状,与肠蠕动减弱、便秘、肠梗阻/积液、药物影响及进食结构相关；需排除急腹症。,腹胀加重伴剧痛、呕吐、停止排气排便、腹膜刺激征或血压不稳需立即报告。,腹围/胀痛、肠鸣音、排气排便、进食、呕吐、既往手术史、检查趋势。,饮食调整避免产气；腹部按摩/热敷（无禁忌）；活动促进蠕动；按医嘱用药/灌肠/胃肠减压。,2–4小时复评腹胀与排气排便；必要时复测腹围。,腹胀减轻、排气排便恢复、疼痛下降；无恶化体征。,避免产气食物；适度活动；出现剧痛/呕吐/无排气及时告知。,主诉：患者诉腹胀相关不适。评估：腹围/胀痛、肠鸣音、排气排便、进食、呕吐、既往手术史、检查趋势。（记录关键数值/评分）。处理：饮食调整避免产气；腹部按摩/热敷（无禁忌）；活动促进蠕动；按医嘱用药/灌肠/胃肠减压。。复评：2–4小时复评腹胀与排气排便；必要时复测腹围。，结果：腹胀减轻、排气排便恢复、疼痛下降；无恶化体征。。,"S：患者腹胀（程度/评分××）。
B：既往/治疗相关××。
A：腹围/胀痛、肠鸣音、排气排便、进食、呕吐、既往手术史、检查趋势。。
R：饮食调整避免产气；腹部按摩/热敷（无禁忌）；活动促进蠕动；按医嘱用药/灌肠/胃肠减压。；请评估后续处理。",《护理学基础》《内科护理学》《外科护理学》；医院制度/流程；相关指南共识（按需补充）。
16,便秘,常见症状,症状,便秘常见原因包括基础疾病、治疗相关因素（如手术/药物/化疗）、摄入与丢失失衡或感染/炎症等；需结合病史与趋势判断。,任一出现需立即升级：生命体征不稳、意识改变、呼吸困难/低氧、持续加重、胸痛/出血、抽搐、尿量明显减少。,生命体征（T/P/R/BP/SpO₂）、症状性质与程度、起病时间与诱因、既往史/用药史、相关体征、检查检验趋势。,安全优先：体位与气道管理；遵医嘱对因/对症；加强监测与记录；处理可逆诱因；必要时通知医生/启动急救流程。,急性变化：15–30分钟复评；稳定后：1–4小时复评；按医嘱复查化验/影像。,症状减轻、生命体征稳定或趋于目标范围；无新增不良事件；患者/家属理解并配合。,解释原因与注意事项；告知红旗症状及呼叫铃使用；饮食/活动/用药依从；安全防护（跌倒/感染/压疮）。,主诉：患者诉便秘相关不适。评估：T×℃ P×次/分 R×次/分 BP××mmHg SpO₂××%，症状××。处理：已实施监测与对症护理，遵医嘱给予××，完善宣教。复评：急性变化：15–30分钟复评；稳定后：1–4小时复评；按医嘱复查化验/影像。，症状××，生命体征××。,"S：患者出现便秘（程度××）。
B：既往××，近期治疗/用药××。
A：生命体征××，相关检查××，评估为××风险。
R：建议/已执行××，请评估是否需调整治疗/进一步检查。",《护理学基础》《内科护理学》《外科护理学》；医院制度/流程；相关指南共识（按需补充）。
17,腹泻,常见症状,症状,腹泻常见原因包括基础疾病、治疗相关因素（如手术/药物/化疗）、摄入与丢失失衡或感染/炎症等；需结合病史与趋势判断。,任一出现需立即升级：生命体征不稳、意识改变、呼吸困难/低氧、持续加重、胸痛/出血、抽搐、尿量明显减少。,生命体征（T/P/R/BP/SpO₂）、症状性质与程度、起病时间与诱因、既往史/用药史、相关体征、检查检验趋势。,安全优先：体位与气道管理；遵医嘱对因/对症；加强监测与记录；处理可逆诱因；必要时通知医生/启动急救流程。,急性变化：15–30分钟复评；稳定后：1–4小时复评；按医嘱复查化验/影像。,症状减轻、生命体征稳定或趋于目标范围；无新增不良事件；患者/家属理解并配合。,解释原因与注意事项；告知红旗症状及呼叫铃使用；饮食/活动/用药依从；安全防护（跌倒/感染/压疮）。,主诉：患者诉腹泻相关不适。评估：T×℃ P×次/分 R×次/分 BP××mmHg SpO₂××%，症状××。处理：已实施监测与对症护理，遵医嘱给予××，完善宣教。复评：急性变化：15–30分钟复评；稳定后：1–4小时复评；按医嘱复查化验/影像。，症状××，生命体征××。,"S：患者出现腹泻（程度××）。
B：既往××，近期治疗/用药××。
A：生命体征××，相关检查××，评估为××风险。
R：建议/已执行××，请评估是否需调整治疗/进一步检查。",《护理学基础》《内科护理学》《外科护理学》；医院制度/流程；相关指南共识（按需补充）。
18,乏力,常见症状,症状,乏力常见原因包括基础疾病、治疗相关因素（如手术/药物/化疗）、摄入与丢失失衡或感染/炎症等；需结合病史与趋势判断。,任一出现需立即升级：生命体征不稳、意识改变、呼吸困难/低氧、持续加重、胸痛/出血、抽搐、尿量明显减少。,生命体征（T/P/R/BP/SpO₂）、症状性质与程度、起病时间与诱因、既往史/用药史、相关体征、检查检验趋势。,安全优先：体位与气道管理；遵医嘱对因/对症；加强监测与记录；处理可逆诱因；必要时通知医生/启动急救流程。,急性变化：15–30分钟复评；稳定后：1–4小时复评；按医嘱复查化验/影像。,症状减轻、生命体征稳定或趋于目标范围；无新增不良事件；患者/家属理解并配合。,解释原因与注意事项；告知红旗症状及呼叫铃使用；饮食/活动/用药依从；安全防护（跌倒/感染/压疮）。,主诉：患者诉乏力相关不适。评估：T×℃ P×次/分 R×次/分 BP××mmHg SpO₂××%，症状××。处理：已实施监测与对症护理，遵医嘱给予××，完善宣教。复评：急性变化：15–30分钟复评；稳定后：1–4小时复评；按医嘱复查化验/影像。，症状××，生命体征××。,"S：患者出现乏力（程度××）。
B：既往××，近期治疗/用药××。
A：生命体征××，相关检查××，评估为××风险。
R：建议/已执行××，请评估是否需调整治疗/进一步检查。",《护理学基础》《内科护理学》《外科护理学》；医院制度/流程；相关指南共识（按需补充）。
19,失眠,常见症状,症状,失眠常见原因包括基础疾病、治疗相关因素（如手术/药物/化疗）、摄入与丢失失衡或感染/炎症等；需结合病史与趋势判断。,任一出现需立即升级：生命体征不稳、意识改变、呼吸困难/低氧、持续加重、胸痛/出血、抽搐、尿量明显减少。,生命体征（T/P/R/BP/SpO₂）、症状性质与程度、起病时间与诱因、既往史/用药史、相关体征、检查检验趋势。,安全优先：体位与气道管理；遵医嘱对因/对症；加强监测与记录；处理可逆诱因；必要时通知医生/启动急救流程。,急性变化：15–30分钟复评；稳定后：1–4小时复评；按医嘱复查化验/影像。,症状减轻、生命体征稳定或趋于目标范围；无新增不良事件；患者/家属理解并配合。,解释原因与注意事项；告知红旗症状及呼叫铃使用；饮食/活动/用药依从；安全防护（跌倒/感染/压疮）。,主诉：患者诉失眠相关不适。评估：T×℃ P×次/分 R×次/分 BP××mmHg SpO₂××%，症状××。处理：已实施监测与对症护理，遵医嘱给予××，完善宣教。复评：急性变化：15–30分钟复评；稳定后：1–4小时复评；按医嘱复查化验/影像。，症状××，生命体征××。,"S：患者出现失眠（程度××）。
B：既往××，近期治疗/用药××。
A：生命体征××，相关检查××，评估为××风险。
R：建议/已执行××，请评估是否需调整治疗/进一步检查。",《护理学基础》《内科护理学》《外科护理学》；医院制度/流程；相关指南共识（按需补充）。
20,头晕,常见症状,症状,头晕常见原因包括基础疾病、治疗相关因素（如手术/药物/化疗）、摄入与丢失失衡或感染/炎症等；需结合病史与趋势判断。,任一出现需立即升级：生命体征不稳、意识改变、呼吸困难/低氧、持续加重、胸痛/出血、抽搐、尿量明显减少。,生命体征（T/P/R/BP/SpO₂）、症状性质与程度、起病时间与诱因、既往史/用药史、相关体征、检查检验趋势。,安全优先：体位与气道管理；遵医嘱对因/对症；加强监测与记录；处理可逆诱因；必要时通知医生/启动急救流程。,急性变化：15–30分钟复评；稳定后：1–4小时复评；按医嘱复查化验/影像。,症状减轻、生命体征稳定或趋于目标范围；无新增不良事件；患者/家属理解并配合。,解释原因与注意事项；告知红旗症状及呼叫铃使用；饮食/活动/用药依从；安全防护（跌倒/感染/压疮）。,主诉：患者诉头晕相关不适。评估：T×℃ P×次/分 R×次/分 BP××mmHg SpO₂××%，症状××。处理：已实施监测与对症护理，遵医嘱给予××，完善宣教。复评：急性变化：15–30分钟复评；稳定后：1–4小时复评；按医嘱复查化验/影像。，症状××，生命体征××。,"S：患者出现头晕（程度××）。
B：既往××，近期治疗/用药××。
A：生命体征××，相关检查××，评估为××风险。
R：建议/已执行××，请评估是否需调整治疗/进一步检查。",《护理学基础》《内科护理学》《外科护理学》；医院制度/流程；相关指南共识（按需补充）。
21,头痛,常见症状,症状,头痛常见原因包括基础疾病、治疗相关因素（如手术/药物/化疗）、摄入与丢失失衡或感染/炎症等；需结合病史与趋势判断。,任一出现需立即升级：生命体征不稳、意识改变、呼吸困难/低氧、持续加重、胸痛/出血、抽搐、尿量明显减少。,生命体征（T/P/R/BP/SpO₂）、症状性质与程度、起病时间与诱因、既往史/用药史、相关体征、检查检验趋势。,安全优先：体位与气道管理；遵医嘱对因/对症；加强监测与记录；处理可逆诱因；必要时通知医生/启动急救流程。,急性变化：15–30分钟复评；稳定后：1–4小时复评；按医嘱复查化验/影像。,症状减轻、生命体征稳定或趋于目标范围；无新增不良事件；患者/家属理解并配合。,解释原因与注意事项；告知红旗症状及呼叫铃使用；饮食/活动/用药依从；安全防护（跌倒/感染/压疮）。,主诉：患者诉头痛相关不适。评估：T×℃ P×次/分 R×次/分 BP××mmHg SpO₂××%，症状××。处理：已实施监测与对症护理，遵医嘱给予××，完善宣教。复评：急性变化：15–30分钟复评；稳定后：1–4小时复评；按医嘱复查化验/影像。，症状××，生命体征××。,"S：患者出现头痛（程度××）。
B：既往××，近期治疗/用药××。
A：生命体征××，相关检查××，评估为××风险。
R：建议/已执行××，请评估是否需调整治疗/进一步检查。",《护理学基础》《内科护理学》《外科护理学》；医院制度/流程；相关指南共识（按需补充）。
22,咳嗽,常见症状,症状,咳嗽常见原因包括基础疾病、治疗相关因素（如手术/药物/化疗）、摄入与丢失失衡或感染/炎症等；需结合病史与趋势判断。,任一出现需立即升级：生命体征不稳、意识改变、呼吸困难/低氧、持续加重、胸痛/出血、抽搐、尿量明显减少。,生命体征（T/P/R/BP/SpO₂）、症状性质与程度、起病时间与诱因、既往史/用药史、相关体征、检查检验趋势。,安全优先：体位与气道管理；遵医嘱对因/对症；加强监测与记录；处理可逆诱因；必要时通知医生/启动急救流程。,急性变化：15–30分钟复评；稳定后：1–4小时复评；按医嘱复查化验/影像。,症状减轻、生命体征稳定或趋于目标范围；无新增不良事件；患者/家属理解并配合。,解释原因与注意事项；告知红旗症状及呼叫铃使用；饮食/活动/用药依从；安全防护（跌倒/感染/压疮）。,主诉：患者诉咳嗽相关不适。评估：T×℃ P×次/分 R×次/分 BP××mmHg SpO₂××%，症状××。处理：已实施监测与对症护理，遵医嘱给予××，完善宣教。复评：急性变化：15–30分钟复评；稳定后：1–4小时复评；按医嘱复查化验/影像。，症状××，生命体征××。,"S：患者出现咳嗽（程度××）。
B：既往××，近期治疗/用药××。
A：生命体征××，相关检查××，评估为××风险。
R：建议/已执行××，请评估是否需调整治疗/进一步检查。",《护理学基础》《内科护理学》《外科护理学》；医院制度/流程；相关指南共识（按需补充）。
23,胸闷,常见症状,症状,胸闷常见原因包括基础疾病、治疗相关因素（如手术/药物/化疗）、摄入与丢失失衡或感染/炎症等；需结合病史与趋势判断。,任一出现需立即升级：生命体征不稳、意识改变、呼吸困难/低氧、持续加重、胸痛/出血、抽搐、尿量明显减少。,生命体征（T/P/R/BP/SpO₂）、症状性质与程度、起病时间与诱因、既往史/用药史、相关体征、检查检验趋势。,安全优先：体位与气道管理；遵医嘱对因/对症；加强监测与记录；处理可逆诱因；必要时通知医生/启动急救流程。,急性变化：15–30分钟复评；稳定后：1–4小时复评；按医嘱复查化验/影像。,症状减轻、生命体征稳定或趋于目标范围；无新增不良事件；患者/家属理解并配合。,解释原因与注意事项；告知红旗症状及呼叫铃使用；饮食/活动/用药依从；安全防护（跌倒/感染/压疮）。,主诉：患者诉胸闷相关不适。评估：T×℃ P×次/分 R×次/分 BP××mmHg SpO₂××%，症状××。处理：已实施监测与对症护理，遵医嘱给予××，完善宣教。复评：急性变化：15–30分钟复评；稳定后：1–4小时复评；按医嘱复查化验/影像。，症状××，生命体征××。,"S：患者出现胸闷（程度××）。
B：既往××，近期治疗/用药××。
A：生命体征××，相关检查××，评估为××风险。
R：建议/已执行××，请评估是否需调整治疗/进一步检查。",《护理学基础》《内科护理学》《外科护理学》；医院制度/流程；相关指南共识（按需补充）。
24,水肿,常见症状,症状,水肿常见原因包括基础疾病、治疗相关因素（如手术/药物/化疗）、摄入与丢失失衡或感染/炎症等；需结合病史与趋势判断。,任一出现需立即升级：生命体征不稳、意识改变、呼吸困难/低氧、持续加重、胸痛/出血、抽搐、尿量明显减少。,生命体征（T/P/R/BP/SpO₂）、症状性质与程度、起病时间与诱因、既往史/用药史、相关体征、检查检验趋势。,安全优先：体位与气道管理；遵医嘱对因/对症；加强监测与记录；处理可逆诱因；必要时通知医生/启动急救流程。,急性变化：15–30分钟复评；稳定后：1–4小时复评；按医嘱复查化验/影像。,症状减轻、生命体征稳定或趋于目标范围；无新增不良事件；患者/家属理解并配合。,解释原因与注意事项；告知红旗症状及呼叫铃使用；饮食/活动/用药依从；安全防护（跌倒/感染/压疮）。,主诉：患者诉水肿相关不适。评估：T×℃ P×次/分 R×次/分 BP××mmHg SpO₂××%，症状××。处理：已实施监测与对症护理，遵医嘱给予××，完善宣教。复评：急性变化：15–30分钟复评；稳定后：1–4小时复评；按医嘱复查化验/影像。，症状××，生命体征××。,"S：患者出现水肿（程度××）。
B：既往××，近期治疗/用药××。
A：生命体征××，相关检查××，评估为××风险。
R：建议/已执行××，请评估是否需调整治疗/进一步检查。",《护理学基础》《内科护理学》《外科护理学》；医院制度/流程；相关指南共识（按需补充）。
25,尿潴留,常见症状,症状,尿潴留常见原因包括基础疾病、治疗相关因素（如手术/药物/化疗）、摄入与丢失失衡或感染/炎症等；需结合病史与趋势判断。,任一出现需立即升级：生命体征不稳、意识改变、呼吸困难/低氧、持续加重、胸痛/出血、抽搐、尿量明显减少。,生命体征（T/P/R/BP/SpO₂）、症状性质与程度、起病时间与诱因、既往史/用药史、相关体征、检查检验趋势。,安全优先：体位与气道管理；遵医嘱对因/对症；加强监测与记录；处理可逆诱因；必要时通知医生/启动急救流程。,急性变化：15–30分钟复评；稳定后：1–4小时复评；按医嘱复查化验/影像。,症状减轻、生命体征稳定或趋于目标范围；无新增不良事件；患者/家属理解并配合。,解释原因与注意事项；告知红旗症状及呼叫铃使用；饮食/活动/用药依从；安全防护（跌倒/感染/压疮）。,主诉：患者诉尿潴留相关不适。评估：T×℃ P×次/分 R×次/分 BP××mmHg SpO₂××%，症状××。处理：已实施监测与对症护理，遵医嘱给予××，完善宣教。复评：急性变化：15–30分钟复评；稳定后：1–4小时复评；按医嘱复查化验/影像。，症状××，生命体征××。,"S：患者出现尿潴留（程度××）。
B：既往××，近期治疗/用药××。
A：生命体征××，相关检查××，评估为××风险。
R：建议/已执行××，请评估是否需调整治疗/进一步检查。",《护理学基础》《内科护理学》《外科护理学》；医院制度/流程；相关指南共识（按需补充）。
26,焦虑情绪,常见症状,心理,焦虑情绪常见原因包括基础疾病、治疗相关因素（如手术/药物/化疗）、摄入与丢失失衡或感染/炎症等；需结合病史与趋势判断。,任一出现需立即升级：生命体征不稳、意识改变、呼吸困难/低氧、持续加重、胸痛/出血、抽搐、尿量明显减少。,生命体征（T/P/R/BP/SpO₂）、症状性质与程度、起病时间与诱因、既往史/用药史、相关体征、检查检验趋势。,安全优先：体位与气道管理；遵医嘱对因/对症；加强监测与记录；处理可逆诱因；必要时通知医生/启动急救流程。,急性变化：15–30分钟复评；稳定后：1–4小时复评；按医嘱复查化验/影像。,症状减轻、生命体征稳定或趋于目标范围；无新增不良事件；患者/家属理解并配合。,解释原因与注意事项；告知红旗症状及呼叫铃使用；饮食/活动/用药依从；安全防护（跌倒/感染/压疮）。,主诉：患者诉焦虑情绪相关不适。评估：T×℃ P×次/分 R×次/分 BP××mmHg SpO₂××%，症状××。处理：已实施监测与对症护理，遵医嘱给予××，完善宣教。复评：急性变化：15–30分钟复评；稳定后：1–4小时复评；按医嘱复查化验/影像。，症状××，生命体征××。,"S：患者出现焦虑情绪（程度××）。
B：既往××，近期治疗/用药××。
A：生命体征××，相关检查××，评估为××风险。
R：建议/已执行××，请评估是否需调整治疗/进一步检查。",《护理学基础》《内科护理学》《外科护理学》；医院制度/流程；相关指南共识（按需补充）。
27,低钠,实验室异常,实验室,低钠常见原因包括基础疾病、治疗相关因素（如手术/药物/化疗）、摄入与丢失失衡或感染/炎症等；需结合病史与趋势判断。,任一出现需立即升级：生命体征不稳、意识改变、呼吸困难/低氧、持续加重、胸痛/出血、抽搐、尿量明显减少。,生命体征（T/P/R/BP/SpO₂）、症状性质与程度、起病时间与诱因、既往史/用药史、相关体征、检查检验趋势。,安全优先：体位与气道管理；遵医嘱对因/对症；加强监测与记录；处理可逆诱因；必要时通知医生/启动急救流程。,急性变化：15–30分钟复评；稳定后：1–4小时复评；按医嘱复查化验/影像。,症状减轻、生命体征稳定或趋于目标范围；无新增不良事件；患者/家属理解并配合。,解释原因与注意事项；告知红旗症状及呼叫铃使用；饮食/活动/用药依从；安全防护（跌倒/感染/压疮）。,主诉：患者诉低钠相关不适。评估：T×℃ P×次/分 R×次/分 BP××mmHg SpO₂××%，症状××。处理：已实施监测与对症护理，遵医嘱给予××，完善宣教。复评：急性变化：15–30分钟复评；稳定后：1–4小时复评；按医嘱复查化验/影像。，症状××，生命体征××。,"S：患者出现低钠（程度××）。
B：既往××，近期治疗/用药××。
A：生命体征××，相关检查××，评估为××风险。
R：建议/已执行××，请评估是否需调整治疗/进一步检查。",《护理学基础》《内科护理学》《外科护理学》；医院制度/流程；相关指南共识（按需补充）。
28,高钠,实验室异常,实验室,高钠常见原因包括基础疾病、治疗相关因素（如手术/药物/化疗）、摄入与丢失失衡或感染/炎症等；需结合病史与趋势判断。,任一出现需立即升级：生命体征不稳、意识改变、呼吸困难/低氧、持续加重、胸痛/出血、抽搐、尿量明显减少。,生命体征（T/P/R/BP/SpO₂）、症状性质与程度、起病时间与诱因、既往史/用药史、相关体征、检查检验趋势。,安全优先：体位与气道管理；遵医嘱对因/对症；加强监测与记录；处理可逆诱因；必要时通知医生/启动急救流程。,急性变化：15–30分钟复评；稳定后：1–4小时复评；按医嘱复查化验/影像。,症状减轻、生命体征稳定或趋于目标范围；无新增不良事件；患者/家属理解并配合。,解释原因与注意事项；告知红旗症状及呼叫铃使用；饮食/活动/用药依从；安全防护（跌倒/感染/压疮）。,主诉：患者诉高钠相关不适。评估：T×℃ P×次/分 R×次/分 BP××mmHg SpO₂××%，症状××。处理：已实施监测与对症护理，遵医嘱给予××，完善宣教。复评：急性变化：15–30分钟复评；稳定后：1–4小时复评；按医嘱复查化验/影像。，症状××，生命体征××。,"S：患者出现高钠（程度××）。
B：既往××，近期治疗/用药××。
A：生命体征××，相关检查××，评估为××风险。
R：建议/已执行××，请评估是否需调整治疗/进一步检查。",《护理学基础》《内科护理学》《外科护理学》；医院制度/流程；相关指南共识（按需补充）。
29,低钾,实验室异常,实验室,钾参与神经肌肉兴奋与心肌电活动；低钾常见于摄入不足、呕吐腹泻、利尿剂或细胞内转移。,K<3.0 mmol/L、心律失常/ECG U波明显、肌无力明显或呼吸肌受累需立即报告。,生命体征、心电图、肌力、尿量、近期腹泻呕吐史、利尿剂/胰岛素使用史。,遵医嘱补钾（口服/静脉）；静脉补钾需心电监护并控速；观察静脉刺激；监测尿量与复查电解质。,静脉补钾后2–4小时或按医嘱复查血钾；有心律异常随时复评。,血钾回升至3.5–5.0；心律稳定；肌力改善。,饮食补钾（按病情）；按医嘱用药；心悸无力及时告知。,主诉：患者诉低钾相关不适。评估：生命体征、心电图、肌力、尿量、近期腹泻呕吐史、利尿剂/胰岛素使用史。（记录关键数值/评分）。处理：遵医嘱补钾（口服/静脉）；静脉补钾需心电监护并控速；观察静脉刺激；监测尿量与复查电解质。。复评：静脉补钾后2–4小时或按医嘱复查血钾；有心律异常随时复评。，结果：血钾回升至3.5–5.0；心律稳定；肌力改善。。,"S：患者低钾（程度/评分××）。
B：既往/治疗相关××。
A：生命体征、心电图、肌力、尿量、近期腹泻呕吐史、利尿剂/胰岛素使用史。。
R：遵医嘱补钾（口服/静脉）；静脉补钾需心电监护并控速；观察静脉刺激；监测尿量与复查电解质。；请评估后续处理。",《护理学基础》《内科护理学》《外科护理学》；医院制度/流程；相关指南共识（按需补充）。
30,高钾,实验室异常,实验室,高钾常见原因包括基础疾病、治疗相关因素（如手术/药物/化疗）、摄入与丢失失衡或感染/炎症等；需结合病史与趋势判断。,任一出现需立即升级：生命体征不稳、意识改变、呼吸困难/低氧、持续加重、胸痛/出血、抽搐、尿量明显减少。,生命体征（T/P/R/BP/SpO₂）、症状性质与程度、起病时间与诱因、既往史/用药史、相关体征、检查检验趋势。,安全优先：体位与气道管理；遵医嘱对因/对症；加强监测与记录；处理可逆诱因；必要时通知医生/启动急救流程。,急性变化：15–30分钟复评；稳定后：1–4小时复评；按医嘱复查化验/影像。,症状减轻、生命体征稳定或趋于目标范围；无新增不良事件；患者/家属理解并配合。,解释原因与注意事项；告知红旗症状及呼叫铃使用；饮食/活动/用药依从；安全防护（跌倒/感染/压疮）。,主诉：患者诉高钾相关不适。评估：T×℃ P×次/分 R×次/分 BP××mmHg SpO₂××%，症状××。处理：已实施监测与对症护理，遵医嘱给予××，完善宣教。复评：急性变化：15–30分钟复评；稳定后：1–4小时复评；按医嘱复查化验/影像。，症状××，生命体征××。,"S：患者出现高钾（程度××）。
B：既往××，近期治疗/用药××。
A：生命体征××，相关检查××，评估为××风险。
R：建议/已执行××，请评估是否需调整治疗/进一步检查。",《护理学基础》《内科护理学》《外科护理学》；医院制度/流程；相关指南共识（按需补充）。
31,低钙,实验室异常,实验室,低钙常见原因包括基础疾病、治疗相关因素（如手术/药物/化疗）、摄入与丢失失衡或感染/炎症等；需结合病史与趋势判断。,任一出现需立即升级：生命体征不稳、意识改变、呼吸困难/低氧、持续加重、胸痛/出血、抽搐、尿量明显减少。,生命体征（T/P/R/BP/SpO₂）、症状性质与程度、起病时间与诱因、既往史/用药史、相关体征、检查检验趋势。,安全优先：体位与气道管理；遵医嘱对因/对症；加强监测与记录；处理可逆诱因；必要时通知医生/启动急救流程。,急性变化：15–30分钟复评；稳定后：1–4小时复评；按医嘱复查化验/影像。,症状减轻、生命体征稳定或趋于目标范围；无新增不良事件；患者/家属理解并配合。,解释原因与注意事项；告知红旗症状及呼叫铃使用；饮食/活动/用药依从；安全防护（跌倒/感染/压疮）。,主诉：患者诉低钙相关不适。评估：T×℃ P×次/分 R×次/分 BP××mmHg SpO₂××%，症状××。处理：已实施监测与对症护理，遵医嘱给予××，完善宣教。复评：急性变化：15–30分钟复评；稳定后：1–4小时复评；按医嘱复查化验/影像。，症状××，生命体征××。,"S：患者出现低钙（程度××）。
B：既往××，近期治疗/用药××。
A：生命体征××，相关检查××，评估为××风险。
R：建议/已执行××，请评估是否需调整治疗/进一步检查。",《护理学基础》《内科护理学》《外科护理学》；医院制度/流程；相关指南共识（按需补充）。
32,低镁,实验室异常,实验室,低镁常见原因包括基础疾病、治疗相关因素（如手术/药物/化疗）、摄入与丢失失衡或感染/炎症等；需结合病史与趋势判断。,任一出现需立即升级：生命体征不稳、意识改变、呼吸困难/低氧、持续加重、胸痛/出血、抽搐、尿量明显减少。,生命体征（T/P/R/BP/SpO₂）、症状性质与程度、起病时间与诱因、既往史/用药史、相关体征、检查检验趋势。,安全优先：体位与气道管理；遵医嘱对因/对症；加强监测与记录；处理可逆诱因；必要时通知医生/启动急救流程。,急性变化：15–30分钟复评；稳定后：1–4小时复评；按医嘱复查化验/影像。,症状减轻、生命体征稳定或趋于目标范围；无新增不良事件；患者/家属理解并配合。,解释原因与注意事项；告知红旗症状及呼叫铃使用；饮食/活动/用药依从；安全防护（跌倒/感染/压疮）。,主诉：患者诉低镁相关不适。评估：T×℃ P×次/分 R×次/分 BP××mmHg SpO₂××%，症状××。处理：已实施监测与对症护理，遵医嘱给予××，完善宣教。复评：急性变化：15–30分钟复评；稳定后：1–4小时复评；按医嘱复查化验/影像。，症状××，生命体征××。,"S：患者出现低镁（程度××）。
B：既往××，近期治疗/用药××。
A：生命体征××，相关检查××，评估为××风险。
R：建议/已执行××，请评估是否需调整治疗/进一步检查。",《护理学基础》《内科护理学》《外科护理学》；医院制度/流程；相关指南共识（按需补充）。
33,贫血,实验室异常,实验室,贫血常见原因包括基础疾病、治疗相关因素（如手术/药物/化疗）、摄入与丢失失衡或感染/炎症等；需结合病史与趋势判断。,任一出现需立即升级：生命体征不稳、意识改变、呼吸困难/低氧、持续加重、胸痛/出血、抽搐、尿量明显减少。,生命体征（T/P/R/BP/SpO₂）、症状性质与程度、起病时间与诱因、既往史/用药史、相关体征、检查检验趋势。,安全优先：体位与气道管理；遵医嘱对因/对症；加强监测与记录；处理可逆诱因；必要时通知医生/启动急救流程。,急性变化：15–30分钟复评；稳定后：1–4小时复评；按医嘱复查化验/影像。,症状减轻、生命体征稳定或趋于目标范围；无新增不良事件；患者/家属理解并配合。,解释原因与注意事项；告知红旗症状及呼叫铃使用；饮食/活动/用药依从；安全防护（跌倒/感染/压疮）。,主诉：患者诉贫血相关不适。评估：T×℃ P×次/分 R×次/分 BP××mmHg SpO₂××%，症状××。处理：已实施监测与对症护理，遵医嘱给予××，完善宣教。复评：急性变化：15–30分钟复评；稳定后：1–4小时复评；按医嘱复查化验/影像。，症状××，生命体征××。,"S：患者出现贫血（程度××）。
B：既往××，近期治疗/用药××。
A：生命体征××，相关检查××，评估为××风险。
R：建议/已执行××，请评估是否需调整治疗/进一步检查。",《护理学基础》《内科护理学》《外科护理学》；医院制度/流程；相关指南共识（按需补充）。
34,血小板减少,实验室异常,实验室,血小板减少常见原因包括基础疾病、治疗相关因素（如手术/药物/化疗）、摄入与丢失失衡或感染/炎症等；需结合病史与趋势判断。,任一出现需立即升级：生命体征不稳、意识改变、呼吸困难/低氧、持续加重、胸痛/出血、抽搐、尿量明显减少。,生命体征（T/P/R/BP/SpO₂）、症状性质与程度、起病时间与诱因、既往史/用药史、相关体征、检查检验趋势。,安全优先：体位与气道管理；遵医嘱对因/对症；加强监测与记录；处理可逆诱因；必要时通知医生/启动急救流程。,急性变化：15–30分钟复评；稳定后：1–4小时复评；按医嘱复查化验/影像。,症状减轻、生命体征稳定或趋于目标范围；无新增不良事件；患者/家属理解并配合。,解释原因与注意事项；告知红旗症状及呼叫铃使用；饮食/活动/用药依从；安全防护（跌倒/感染/压疮）。,主诉：患者诉血小板减少相关不适。评估：T×℃ P×次/分 R×次/分 BP××mmHg SpO₂××%，症状××。处理：已实施监测与对症护理，遵医嘱给予××，完善宣教。复评：急性变化：15–30分钟复评；稳定后：1–4小时复评；按医嘱复查化验/影像。，症状××，生命体征××。,"S：患者出现血小板减少（程度××）。
B：既往××，近期治疗/用药××。
A：生命体征××，相关检查××，评估为××风险。
R：建议/已执行××，请评估是否需调整治疗/进一步检查。",《护理学基础》《内科护理学》《外科护理学》；医院制度/流程；相关指南共识（按需补充）。
35,白细胞减少,实验室异常,实验室,白细胞减少常见原因包括基础疾病、治疗相关因素（如手术/药物/化疗）、摄入与丢失失衡或感染/炎症等；需结合病史与趋势判断。,任一出现需立即升级：生命体征不稳、意识改变、呼吸困难/低氧、持续加重、胸痛/出血、抽搐、尿量明显减少。,生命体征（T/P/R/BP/SpO₂）、症状性质与程度、起病时间与诱因、既往史/用药史、相关体征、检查检验趋势。,安全优先：体位与气道管理；遵医嘱对因/对症；加强监测与记录；处理可逆诱因；必要时通知医生/启动急救流程。,急性变化：15–30分钟复评；稳定后：1–4小时复评；按医嘱复查化验/影像。,症状减轻、生命体征稳定或趋于目标范围；无新增不良事件；患者/家属理解并配合。,解释原因与注意事项；告知红旗症状及呼叫铃使用；饮食/活动/用药依从；安全防护（跌倒/感染/压疮）。,主诉：患者诉白细胞减少相关不适。评估：T×℃ P×次/分 R×次/分 BP××mmHg SpO₂××%，症状××。处理：已实施监测与对症护理，遵医嘱给予××，完善宣教。复评：急性变化：15–30分钟复评；稳定后：1–4小时复评；按医嘱复查化验/影像。，症状××，生命体征××。,"S：患者出现白细胞减少（程度××）。
B：既往××，近期治疗/用药××。
A：生命体征××，相关检查××，评估为××风险。
R：建议/已执行××，请评估是否需调整治疗/进一步检查。",《护理学基础》《内科护理学》《外科护理学》；医院制度/流程；相关指南共识（按需补充）。
36,中性粒细胞减少,实验室异常,实验室,中性粒细胞减少常见原因包括基础疾病、治疗相关因素（如手术/药物/化疗）、摄入与丢失失衡或感染/炎症等；需结合病史与趋势判断。,任一出现需立即升级：生命体征不稳、意识改变、呼吸困难/低氧、持续加重、胸痛/出血、抽搐、尿量明显减少。,生命体征（T/P/R/BP/SpO₂）、症状性质与程度、起病时间与诱因、既往史/用药史、相关体征、检查检验趋势。,安全优先：体位与气道管理；遵医嘱对因/对症；加强监测与记录；处理可逆诱因；必要时通知医生/启动急救流程。,急性变化：15–30分钟复评；稳定后：1–4小时复评；按医嘱复查化验/影像。,症状减轻、生命体征稳定或趋于目标范围；无新增不良事件；患者/家属理解并配合。,解释原因与注意事项；告知红旗症状及呼叫铃使用；饮食/活动/用药依从；安全防护（跌倒/感染/压疮）。,主诉：患者诉中性粒细胞减少相关不适。评估：T×℃ P×次/分 R×次/分 BP××mmHg SpO₂××%，症状××。处理：已实施监测与对症护理，遵医嘱给予××，完善宣教。复评：急性变化：15–30分钟复评；稳定后：1–4小时复评；按医嘱复查化验/影像。，症状××，生命体征××。,"S：患者出现中性粒细胞减少（程度××）。
B：既往××，近期治疗/用药××。
A：生命体征××，相关检查××，评估为××风险。
R：建议/已执行××，请评估是否需调整治疗/进一步检查。",《护理学基础》《内科护理学》《外科护理学》；医院制度/流程；相关指南共识（按需补充）。
37,肝功能异常,实验室异常,实验室,肝功能异常常见原因包括基础疾病、治疗相关因素（如手术/药物/化疗）、摄入与丢失失衡或感染/炎症等；需结合病史与趋势判断。,任一出现需立即升级：生命体征不稳、意识改变、呼吸困难/低氧、持续加重、胸痛/出血、抽搐、尿量明显减少。,生命体征（T/P/R/BP/SpO₂）、症状性质与程度、起病时间与诱因、既往史/用药史、相关体征、检查检验趋势。,安全优先：体位与气道管理；遵医嘱对因/对症；加强监测与记录；处理可逆诱因；必要时通知医生/启动急救流程。,急性变化：15–30分钟复评；稳定后：1–4小时复评；按医嘱复查化验/影像。,症状减轻、生命体征稳定或趋于目标范围；无新增不良事件；患者/家属理解并配合。,解释原因与注意事项；告知红旗症状及呼叫铃使用；饮食/活动/用药依从；安全防护（跌倒/感染/压疮）。,主诉：患者诉肝功能异常相关不适。评估：T×℃ P×次/分 R×次/分 BP××mmHg SpO₂××%，症状××。处理：已实施监测与对症护理，遵医嘱给予××，完善宣教。复评：急性变化：15–30分钟复评；稳定后：1–4小时复评；按医嘱复查化验/影像。，症状××，生命体征××。,"S：患者出现肝功能异常（程度××）。
B：既往××，近期治疗/用药××。
A：生命体征××，相关检查××，评估为××风险。
R：建议/已执行××，请评估是否需调整治疗/进一步检查。",《护理学基础》《内科护理学》《外科护理学》；医院制度/流程；相关指南共识（按需补充）。
38,肾功能异常,实验室异常,实验室,肾功能异常常见原因包括基础疾病、治疗相关因素（如手术/药物/化疗）、摄入与丢失失衡或感染/炎症等；需结合病史与趋势判断。,任一出现需立即升级：生命体征不稳、意识改变、呼吸困难/低氧、持续加重、胸痛/出血、抽搐、尿量明显减少。,生命体征（T/P/R/BP/SpO₂）、症状性质与程度、起病时间与诱因、既往史/用药史、相关体征、检查检验趋势。,安全优先：体位与气道管理；遵医嘱对因/对症；加强监测与记录；处理可逆诱因；必要时通知医生/启动急救流程。,急性变化：15–30分钟复评；稳定后：1–4小时复评；按医嘱复查化验/影像。,症状减轻、生命体征稳定或趋于目标范围；无新增不良事件；患者/家属理解并配合。,解释原因与注意事项；告知红旗症状及呼叫铃使用；饮食/活动/用药依从；安全防护（跌倒/感染/压疮）。,主诉：患者诉肾功能异常相关不适。评估：T×℃ P×次/分 R×次/分 BP××mmHg SpO₂××%，症状××。处理：已实施监测与对症护理，遵医嘱给予××，完善宣教。复评：急性变化：15–30分钟复评；稳定后：1–4小时复评；按医嘱复查化验/影像。，症状××，生命体征××。,"S：患者出现肾功能异常（程度××）。
B：既往××，近期治疗/用药××。
A：生命体征××，相关检查××，评估为××风险。
R：建议/已执行××，请评估是否需调整治疗/进一步检查。",《护理学基础》《内科护理学》《外科护理学》；医院制度/流程；相关指南共识（按需补充）。
39,低白蛋白,实验室异常,实验室,低白蛋白常见原因包括基础疾病、治疗相关因素（如手术/药物/化疗）、摄入与丢失失衡或感染/炎症等；需结合病史与趋势判断。,任一出现需立即升级：生命体征不稳、意识改变、呼吸困难/低氧、持续加重、胸痛/出血、抽搐、尿量明显减少。,生命体征（T/P/R/BP/SpO₂）、症状性质与程度、起病时间与诱因、既往史/用药史、相关体征、检查检验趋势。,安全优先：体位与气道管理；遵医嘱对因/对症；加强监测与记录；处理可逆诱因；必要时通知医生/启动急救流程。,急性变化：15–30分钟复评；稳定后：1–4小时复评；按医嘱复查化验/影像。,症状减轻、生命体征稳定或趋于目标范围；无新增不良事件；患者/家属理解并配合。,解释原因与注意事项；告知红旗症状及呼叫铃使用；饮食/活动/用药依从；安全防护（跌倒/感染/压疮）。,主诉：患者诉低白蛋白相关不适。评估：T×℃ P×次/分 R×次/分 BP××mmHg SpO₂××%，症状××。处理：已实施监测与对症护理，遵医嘱给予××，完善宣教。复评：急性变化：15–30分钟复评；稳定后：1–4小时复评；按医嘱复查化验/影像。，症状××，生命体征××。,"S：患者出现低白蛋白（程度××）。
B：既往××，近期治疗/用药××。
A：生命体征××，相关检查××，评估为××风险。
R：建议/已执行××，请评估是否需调整治疗/进一步检查。",《护理学基础》《内科护理学》《外科护理学》；医院制度/流程；相关指南共识（按需补充）。
40,凝血异常,实验室异常,实验室,凝血异常常见原因包括基础疾病、治疗相关因素（如手术/药物/化疗）、摄入与丢失失衡或感染/炎症等；需结合病史与趋势判断。,任一出现需立即升级：生命体征不稳、意识改变、呼吸困难/低氧、持续加重、胸痛/出血、抽搐、尿量明显减少。,生命体征（T/P/R/BP/SpO₂）、症状性质与程度、起病时间与诱因、既往史/用药史、相关体征、检查检验趋势。,安全优先：体位与气道管理；遵医嘱对因/对症；加强监测与记录；处理可逆诱因；必要时通知医生/启动急救流程。,急性变化：15–30分钟复评；稳定后：1–4小时复评；按医嘱复查化验/影像。,症状减轻、生命体征稳定或趋于目标范围；无新增不良事件；患者/家属理解并配合。,解释原因与注意事项；告知红旗症状及呼叫铃使用；饮食/活动/用药依从；安全防护（跌倒/感染/压疮）。,主诉：患者诉凝血异常相关不适。评估：T×℃ P×次/分 R×次/分 BP××mmHg SpO₂××%，症状××。处理：已实施监测与对症护理，遵医嘱给予××，完善宣教。复评：急性变化：15–30分钟复评；稳定后：1–4小时复评；按医嘱复查化验/影像。，症状××，生命体征××。,"S：患者出现凝血异常（程度××）。
B：既往××，近期治疗/用药××。
A：生命体征××，相关检查××，评估为××风险。
R：建议/已执行××，请评估是否需调整治疗/进一步检查。",《护理学基础》《内科护理学》《外科护理学》；医院制度/流程；相关指南共识（按需补充）。
41,房颤,检查异常,检查异常,房颤常见原因包括基础疾病、治疗相关因素（如手术/药物/化疗）、摄入与丢失失衡或感染/炎症等；需结合病史与趋势判断。,任一出现需立即升级：生命体征不稳、意识改变、呼吸困难/低氧、持续加重、胸痛/出血、抽搐、尿量明显减少。,生命体征（T/P/R/BP/SpO₂）、症状性质与程度、起病时间与诱因、既往史/用药史、相关体征、检查检验趋势。,安全优先：体位与气道管理；遵医嘱对因/对症；加强监测与记录；处理可逆诱因；必要时通知医生/启动急救流程。,急性变化：15–30分钟复评；稳定后：1–4小时复评；按医嘱复查化验/影像。,症状减轻、生命体征稳定或趋于目标范围；无新增不良事件；患者/家属理解并配合。,解释原因与注意事项；告知红旗症状及呼叫铃使用；饮食/活动/用药依从；安全防护（跌倒/感染/压疮）。,主诉：患者诉房颤相关不适。评估：T×℃ P×次/分 R×次/分 BP××mmHg SpO₂××%，症状××。处理：已实施监测与对症护理，遵医嘱给予××，完善宣教。复评：急性变化：15–30分钟复评；稳定后：1–4小时复评；按医嘱复查化验/影像。，症状××，生命体征××。,"S：患者出现房颤（程度××）。
B：既往××，近期治疗/用药××。
A：生命体征××，相关检查××，评估为××风险。
R：建议/已执行××，请评估是否需调整治疗/进一步检查。",《护理学基础》《内科护理学》《外科护理学》；医院制度/流程；相关指南共识（按需补充）。
42,室性心律失常,检查异常,检查异常,室性心律失常常见原因包括基础疾病、治疗相关因素（如手术/药物/化疗）、摄入与丢失失衡或感染/炎症等；需结合病史与趋势判断。,任一出现需立即升级：生命体征不稳、意识改变、呼吸困难/低氧、持续加重、胸痛/出血、抽搐、尿量明显减少。,生命体征（T/P/R/BP/SpO₂）、症状性质与程度、起病时间与诱因、既往史/用药史、相关体征、检查检验趋势。,安全优先：体位与气道管理；遵医嘱对因/对症；加强监测与记录；处理可逆诱因；必要时通知医生/启动急救流程。,急性变化：15–30分钟复评；稳定后：1–4小时复评；按医嘱复查化验/影像。,症状减轻、生命体征稳定或趋于目标范围；无新增不良事件；患者/家属理解并配合。,解释原因与注意事项；告知红旗症状及呼叫铃使用；饮食/活动/用药依从；安全防护（跌倒/感染/压疮）。,主诉：患者诉室性心律失常相关不适。评估：T×℃ P×次/分 R×次/分 BP××mmHg SpO₂××%，症状××。处理：已实施监测与对症护理，遵医嘱给予××，完善宣教。复评：急性变化：15–30分钟复评；稳定后：1–4小时复评；按医嘱复查化验/影像。，症状××，生命体征××。,"S：患者出现室性心律失常（程度××）。
B：既往××，近期治疗/用药××。
A：生命体征××，相关检查××，评估为××风险。
R：建议/已执行××，请评估是否需调整治疗/进一步检查。",《护理学基础》《内科护理学》《外科护理学》；医院制度/流程；相关指南共识（按需补充）。
43,ST段改变,检查异常,检查异常,ST段改变常见原因包括基础疾病、治疗相关因素（如手术/药物/化疗）、摄入与丢失失衡或感染/炎症等；需结合病史与趋势判断。,任一出现需立即升级：生命体征不稳、意识改变、呼吸困难/低氧、持续加重、胸痛/出血、抽搐、尿量明显减少。,生命体征（T/P/R/BP/SpO₂）、症状性质与程度、起病时间与诱因、既往史/用药史、相关体征、检查检验趋势。,安全优先：体位与气道管理；遵医嘱对因/对症；加强监测与记录；处理可逆诱因；必要时通知医生/启动急救流程。,急性变化：15–30分钟复评；稳定后：1–4小时复评；按医嘱复查化验/影像。,症状减轻、生命体征稳定或趋于目标范围；无新增不良事件；患者/家属理解并配合。,解释原因与注意事项；告知红旗症状及呼叫铃使用；饮食/活动/用药依从；安全防护（跌倒/感染/压疮）。,主诉：患者诉ST段改变相关不适。评估：T×℃ P×次/分 R×次/分 BP××mmHg SpO₂××%，症状××。处理：已实施监测与对症护理，遵医嘱给予××，完善宣教。复评：急性变化：15–30分钟复评；稳定后：1–4小时复评；按医嘱复查化验/影像。，症状××，生命体征××。,"S：患者出现ST段改变（程度××）。
B：既往××，近期治疗/用药××。
A：生命体征××，相关检查××，评估为××风险。
R：建议/已执行××，请评估是否需调整治疗/进一步检查。",《护理学基础》《内科护理学》《外科护理学》；医院制度/流程；相关指南共识（按需补充）。
44,胸腔积液,检查异常,检查异常,胸腔积液常见原因包括基础疾病、治疗相关因素（如手术/药物/化疗）、摄入与丢失失衡或感染/炎症等；需结合病史与趋势判断。,任一出现需立即升级：生命体征不稳、意识改变、呼吸困难/低氧、持续加重、胸痛/出血、抽搐、尿量明显减少。,生命体征（T/P/R/BP/SpO₂）、症状性质与程度、起病时间与诱因、既往史/用药史、相关体征、检查检验趋势。,安全优先：体位与气道管理；遵医嘱对因/对症；加强监测与记录；处理可逆诱因；必要时通知医生/启动急救流程。,急性变化：15–30分钟复评；稳定后：1–4小时复评；按医嘱复查化验/影像。,症状减轻、生命体征稳定或趋于目标范围；无新增不良事件；患者/家属理解并配合。,解释原因与注意事项；告知红旗症状及呼叫铃使用；饮食/活动/用药依从；安全防护（跌倒/感染/压疮）。,主诉：患者诉胸腔积液相关不适。评估：T×℃ P×次/分 R×次/分 BP××mmHg SpO₂××%，症状××。处理：已实施监测与对症护理，遵医嘱给予××，完善宣教。复评：急性变化：15–30分钟复评；稳定后：1–4小时复评；按医嘱复查化验/影像。，症状××，生命体征××。,"S：患者出现胸腔积液（程度××）。
B：既往××，近期治疗/用药××。
A：生命体征××，相关检查××，评估为××风险。
R：建议/已执行××，请评估是否需调整治疗/进一步检查。",《护理学基础》《内科护理学》《外科护理学》；医院制度/流程；相关指南共识（按需补充）。
45,腹腔积液,检查异常,检查异常,腹腔积液常见原因包括基础疾病、治疗相关因素（如手术/药物/化疗）、摄入与丢失失衡或感染/炎症等；需结合病史与趋势判断。,任一出现需立即升级：生命体征不稳、意识改变、呼吸困难/低氧、持续加重、胸痛/出血、抽搐、尿量明显减少。,生命体征（T/P/R/BP/SpO₂）、症状性质与程度、起病时间与诱因、既往史/用药史、相关体征、检查检验趋势。,安全优先：体位与气道管理；遵医嘱对因/对症；加强监测与记录；处理可逆诱因；必要时通知医生/启动急救流程。,急性变化：15–30分钟复评；稳定后：1–4小时复评；按医嘱复查化验/影像。,症状减轻、生命体征稳定或趋于目标范围；无新增不良事件；患者/家属理解并配合。,解释原因与注意事项；告知红旗症状及呼叫铃使用；饮食/活动/用药依从；安全防护（跌倒/感染/压疮）。,主诉：患者诉腹腔积液相关不适。评估：T×℃ P×次/分 R×次/分 BP××mmHg SpO₂××%，症状××。处理：已实施监测与对症护理，遵医嘱给予××，完善宣教。复评：急性变化：15–30分钟复评；稳定后：1–4小时复评；按医嘱复查化验/影像。，症状××，生命体征××。,"S：患者出现腹腔积液（程度××）。
B：既往××，近期治疗/用药××。
A：生命体征××，相关检查××，评估为××风险。
R：建议/已执行××，请评估是否需调整治疗/进一步检查。",《护理学基础》《内科护理学》《外科护理学》；医院制度/流程；相关指南共识（按需补充）。
46,心包积液,检查异常,检查异常,心包积液常见原因包括基础疾病、治疗相关因素（如手术/药物/化疗）、摄入与丢失失衡或感染/炎症等；需结合病史与趋势判断。,任一出现需立即升级：生命体征不稳、意识改变、呼吸困难/低氧、持续加重、胸痛/出血、抽搐、尿量明显减少。,生命体征（T/P/R/BP/SpO₂）、症状性质与程度、起病时间与诱因、既往史/用药史、相关体征、检查检验趋势。,安全优先：体位与气道管理；遵医嘱对因/对症；加强监测与记录；处理可逆诱因；必要时通知医生/启动急救流程。,急性变化：15–30分钟复评；稳定后：1–4小时复评；按医嘱复查化验/影像。,症状减轻、生命体征稳定或趋于目标范围；无新增不良事件；患者/家属理解并配合。,解释原因与注意事项；告知红旗症状及呼叫铃使用；饮食/活动/用药依从；安全防护（跌倒/感染/压疮）。,主诉：患者诉心包积液相关不适。评估：T×℃ P×次/分 R×次/分 BP××mmHg SpO₂××%，症状××。处理：已实施监测与对症护理，遵医嘱给予××，完善宣教。复评：急性变化：15–30分钟复评；稳定后：1–4小时复评；按医嘱复查化验/影像。，症状××，生命体征××。,"S：患者出现心包积液（程度××）。
B：既往××，近期治疗/用药××。
A：生命体征××，相关检查××，评估为××风险。
R：建议/已执行××，请评估是否需调整治疗/进一步检查。",《护理学基础》《内科护理学》《外科护理学》；医院制度/流程；相关指南共识（按需补充）。
47,颅脑血栓,检查异常,检查异常,颅脑血栓常见原因包括基础疾病、治疗相关因素（如手术/药物/化疗）、摄入与丢失失衡或感染/炎症等；需结合病史与趋势判断。,任一出现需立即升级：生命体征不稳、意识改变、呼吸困难/低氧、持续加重、胸痛/出血、抽搐、尿量明显减少。,生命体征（T/P/R/BP/SpO₂）、症状性质与程度、起病时间与诱因、既往史/用药史、相关体征、检查检验趋势。,安全优先：体位与气道管理；遵医嘱对因/对症；加强监测与记录；处理可逆诱因；必要时通知医生/启动急救流程。,急性变化：15–30分钟复评；稳定后：1–4小时复评；按医嘱复查化验/影像。,症状减轻、生命体征稳定或趋于目标范围；无新增不良事件；患者/家属理解并配合。,解释原因与注意事项；告知红旗症状及呼叫铃使用；饮食/活动/用药依从；安全防护（跌倒/感染/压疮）。,主诉：患者诉颅脑血栓相关不适。评估：T×℃ P×次/分 R×次/分 BP××mmHg SpO₂××%，症状××。处理：已实施监测与对症护理，遵医嘱给予××，完善宣教。复评：急性变化：15–30分钟复评；稳定后：1–4小时复评；按医嘱复查化验/影像。，症状××，生命体征××。,"S：患者出现颅脑血栓（程度××）。
B：既往××，近期治疗/用药××。
A：生命体征××，相关检查××，评估为××风险。
R：建议/已执行××，请评估是否需调整治疗/进一步检查。",《护理学基础》《内科护理学》《外科护理学》；医院制度/流程；相关指南共识（按需补充）。
48,肺部感染影像异常,检查异常,检查异常,肺部感染影像异常常见原因包括基础疾病、治疗相关因素（如手术/药物/化疗）、摄入与丢失失衡或感染/炎症等；需结合病史与趋势判断。,任一出现需立即升级：生命体征不稳、意识改变、呼吸困难/低氧、持续加重、胸痛/出血、抽搐、尿量明显减少。,生命体征（T/P/R/BP/SpO₂）、症状性质与程度、起病时间与诱因、既往史/用药史、相关体征、检查检验趋势。,安全优先：体位与气道管理；遵医嘱对因/对症；加强监测与记录；处理可逆诱因；必要时通知医生/启动急救流程。,急性变化：15–30分钟复评；稳定后：1–4小时复评；按医嘱复查化验/影像。,症状减轻、生命体征稳定或趋于目标范围；无新增不良事件；患者/家属理解并配合。,解释原因与注意事项；告知红旗症状及呼叫铃使用；饮食/活动/用药依从；安全防护（跌倒/感染/压疮）。,主诉：患者诉肺部感染影像异常相关不适。评估：T×℃ P×次/分 R×次/分 BP××mmHg SpO₂××%，症状××。处理：已实施监测与对症护理，遵医嘱给予××，完善宣教。复评：急性变化：15–30分钟复评；稳定后：1–4小时复评；按医嘱复查化验/影像。，症状××，生命体征××。,"S：患者出现肺部感染影像异常（程度××）。
B：既往××，近期治疗/用药××。
A：生命体征××，相关检查××，评估为××风险。
R：建议/已执行××，请评估是否需调整治疗/进一步检查。",《护理学基础》《内科护理学》《外科护理学》；医院制度/流程；相关指南共识（按需补充）。
49,跌倒风险,基础护理风险,风险,与肌力下降、头晕、药物镇静、视力差、环境障碍及老年衰弱等相关；预防为主。,近期跌倒史、步态不稳、意识波动、强镇静/降压用药后血压下降需加强监护。,跌倒评分（如Morse）、步态/肌力、头晕、药物、夜间起床频率、环境风险点。,呼叫铃可及；必要时陪护/床栏；防滑鞋；夜间照明；如厕陪同；宣教慢起身；必要时报告调整方案。,每班评估；用药/症状变化后即时复评。,未发生跌倒；患者能复述防跌要点并配合。,起身三步法；不要单独下床；头晕立刻坐下呼叫。,主诉：患者诉跌倒风险相关不适。评估：跌倒评分（如Morse）、步态/肌力、头晕、药物、夜间起床频率、环境风险点。（记录关键数值/评分）。处理：呼叫铃可及；必要时陪护/床栏；防滑鞋；夜间照明；如厕陪同；宣教慢起身；必要时报告调整方案。。复评：每班评估；用药/症状变化后即时复评。，结果：未发生跌倒；患者能复述防跌要点并配合。。,"S：患者跌倒风险（程度/评分××）。
B：既往/治疗相关××。
A：跌倒评分（如Morse）、步态/肌力、头晕、药物、夜间起床频率、环境风险点。。
R：呼叫铃可及；必要时陪护/床栏；防滑鞋；夜间照明；如厕陪同；宣教慢起身；必要时报告调整方案。；请评估后续处理。",《护理学基础》《内科护理学》《外科护理学》；医院制度/流程；相关指南共识（按需补充）。
50,压疮风险,基础护理风险,风险,持续压力/剪切力致局部缺血缺氧；营养差、湿润、感觉障碍等增加风险。,骨突处红肿不褪色、皮肤破损、失禁潮湿、营养差或活动受限需加密预防。,Braden评分、皮肤完整性、营养/白蛋白、活动度、失禁、支具/管路压迫点。,规律翻身减压（如2小时）；减压垫；保持清洁干燥；骨突处保护；营养支持；记录皮肤护理。,每班皮肤巡视；高危者2–4小时重点检查。,皮肤完整无新发压疮；高危部位发红改善。,家属协助翻身；床单位平整干燥；避免按摩发红部位。,主诉：患者诉压疮风险相关不适。评估：Braden评分、皮肤完整性、营养/白蛋白、活动度、失禁、支具/管路压迫点。（记录关键数值/评分）。处理：规律翻身减压（如2小时）；减压垫；保持清洁干燥；骨突处保护；营养支持；记录皮肤护理。。复评：每班皮肤巡视；高危者2–4小时重点检查。，结果：皮肤完整无新发压疮；高危部位发红改善。。,"S：患者压疮风险（程度/评分××）。
B：既往/治疗相关××。
A：Braden评分、皮肤完整性、营养/白蛋白、活动度、失禁、支具/管路压迫点。。
R：规律翻身减压（如2小时）；减压垫；保持清洁干燥；骨突处保护；营养支持；记录皮肤护理。；请评估后续处理。",《护理学基础》《内科护理学》《外科护理学》；医院制度/流程；相关指南共识（按需补充）。
51,营养风险,基础护理风险,风险,营养风险常见原因包括基础疾病、治疗相关因素（如手术/药物/化疗）、摄入与丢失失衡或感染/炎症等；需结合病史与趋势判断。,任一出现需立即升级：生命体征不稳、意识改变、呼吸困难/低氧、持续加重、胸痛/出血、抽搐、尿量明显减少。,生命体征（T/P/R/BP/SpO₂）、症状性质与程度、起病时间与诱因、既往史/用药史、相关体征、检查检验趋势。,安全优先：体位与气道管理；遵医嘱对因/对症；加强监测与记录；处理可逆诱因；必要时通知医生/启动急救流程。,急性变化：15–30分钟复评；稳定后：1–4小时复评；按医嘱复查化验/影像。,症状减轻、生命体征稳定或趋于目标范围；无新增不良事件；患者/家属理解并配合。,解释原因与注意事项；告知红旗症状及呼叫铃使用；饮食/活动/用药依从；安全防护（跌倒/感染/压疮）。,主诉：患者诉营养风险相关不适。评估：T×℃ P×次/分 R×次/分 BP××mmHg SpO₂××%，症状××。处理：已实施监测与对症护理，遵医嘱给予××，完善宣教。复评：急性变化：15–30分钟复评；稳定后：1–4小时复评；按医嘱复查化验/影像。，症状××，生命体征××。,"S：患者出现营养风险（程度××）。
B：既往××，近期治疗/用药××。
A：生命体征××，相关检查××，评估为××风险。
R：建议/已执行××，请评估是否需调整治疗/进一步检查。",《护理学基础》《内科护理学》《外科护理学》；医院制度/流程；相关指南共识（按需补充）。
52,VTE风险,基础护理风险,风险,VTE风险常见原因包括基础疾病、治疗相关因素（如手术/药物/化疗）、摄入与丢失失衡或感染/炎症等；需结合病史与趋势判断。,任一出现需立即升级：生命体征不稳、意识改变、呼吸困难/低氧、持续加重、胸痛/出血、抽搐、尿量明显减少。,生命体征（T/P/R/BP/SpO₂）、症状性质与程度、起病时间与诱因、既往史/用药史、相关体征、检查检验趋势。,安全优先：体位与气道管理；遵医嘱对因/对症；加强监测与记录；处理可逆诱因；必要时通知医生/启动急救流程。,急性变化：15–30分钟复评；稳定后：1–4小时复评；按医嘱复查化验/影像。,症状减轻、生命体征稳定或趋于目标范围；无新增不良事件；患者/家属理解并配合。,解释原因与注意事项；告知红旗症状及呼叫铃使用；饮食/活动/用药依从；安全防护（跌倒/感染/压疮）。,主诉：患者诉VTE风险相关不适。评估：T×℃ P×次/分 R×次/分 BP××mmHg SpO₂××%，症状××。处理：已实施监测与对症护理，遵医嘱给予××，完善宣教。复评：急性变化：15–30分钟复评；稳定后：1–4小时复评；按医嘱复查化验/影像。，症状××，生命体征××。,"S：患者出现VTE风险（程度××）。
B：既往××，近期治疗/用药××。
A：生命体征××，相关检查××，评估为××风险。
R：建议/已执行××，请评估是否需调整治疗/进一步检查。",《护理学基础》《内科护理学》《外科护理学》；医院制度/流程；相关指南共识（按需补充）。
53,导管感染风险,基础护理风险,风险,导管感染风险常见原因包括基础疾病、治疗相关因素（如手术/药物/化疗）、摄入与丢失失衡或感染/炎症等；需结合病史与趋势判断。,任一出现需立即升级：生命体征不稳、意识改变、呼吸困难/低氧、持续加重、胸痛/出血、抽搐、尿量明显减少。,生命体征（T/P/R/BP/SpO₂）、症状性质与程度、起病时间与诱因、既往史/用药史、相关体征、检查检验趋势。,安全优先：体位与气道管理；遵医嘱对因/对症；加强监测与记录；处理可逆诱因；必要时通知医生/启动急救流程。,急性变化：15–30分钟复评；稳定后：1–4小时复评；按医嘱复查化验/影像。,症状减轻、生命体征稳定或趋于目标范围；无新增不良事件；患者/家属理解并配合。,解释原因与注意事项；告知红旗症状及呼叫铃使用；饮食/活动/用药依从；安全防护（跌倒/感染/压疮）。,主诉：患者诉导管感染风险相关不适。评估：T×℃ P×次/分 R×次/分 BP××mmHg SpO₂××%，症状××。处理：已实施监测与对症护理，遵医嘱给予××，完善宣教。复评：急性变化：15–30分钟复评；稳定后：1–4小时复评；按医嘱复查化验/影像。，症状××，生命体征××。,"S：患者出现导管感染风险（程度××）。
B：既往××，近期治疗/用药××。
A：生命体征××，相关检查××，评估为××风险。
R：建议/已执行××，请评估是否需调整治疗/进一步检查。",《护理学基础》《内科护理学》《外科护理学》；医院制度/流程；相关指南共识（按需补充）。
54,静脉外渗风险,基础护理风险,风险,静脉外渗风险常见原因包括基础疾病、治疗相关因素（如手术/药物/化疗）、摄入与丢失失衡或感染/炎症等；需结合病史与趋势判断。,任一出现需立即升级：生命体征不稳、意识改变、呼吸困难/低氧、持续加重、胸痛/出血、抽搐、尿量明显减少。,生命体征（T/P/R/BP/SpO₂）、症状性质与程度、起病时间与诱因、既往史/用药史、相关体征、检查检验趋势。,安全优先：体位与气道管理；遵医嘱对因/对症；加强监测与记录；处理可逆诱因；必要时通知医生/启动急救流程。,急性变化：15–30分钟复评；稳定后：1–4小时复评；按医嘱复查化验/影像。,症状减轻、生命体征稳定或趋于目标范围；无新增不良事件；患者/家属理解并配合。,解释原因与注意事项；告知红旗症状及呼叫铃使用；饮食/活动/用药依从；安全防护（跌倒/感染/压疮）。,主诉：患者诉静脉外渗风险相关不适。评估：T×℃ P×次/分 R×次/分 BP××mmHg SpO₂××%，症状××。处理：已实施监测与对症护理，遵医嘱给予××，完善宣教。复评：急性变化：15–30分钟复评；稳定后：1–4小时复评；按医嘱复查化验/影像。，症状××，生命体征××。,"S：患者出现静脉外渗风险（程度××）。
B：既往××，近期治疗/用药××。
A：生命体征××，相关检查××，评估为××风险。
R：建议/已执行××，请评估是否需调整治疗/进一步检查。",《护理学基础》《内科护理学》《外科护理学》；医院制度/流程；相关指南共识（按需补充）。
55,镇静镇痛风险,基础护理风险,风险,镇静镇痛风险常见原因包括基础疾病、治疗相关因素（如手术/药物/化疗）、摄入与丢失失衡或感染/炎症等；需结合病史与趋势判断。,任一出现需立即升级：生命体征不稳、意识改变、呼吸困难/低氧、持续加重、胸痛/出血、抽搐、尿量明显减少。,生命体征（T/P/R/BP/SpO₂）、症状性质与程度、起病时间与诱因、既往史/用药史、相关体征、检查检验趋势。,安全优先：体位与气道管理；遵医嘱对因/对症；加强监测与记录；处理可逆诱因；必要时通知医生/启动急救流程。,急性变化：15–30分钟复评；稳定后：1–4小时复评；按医嘱复查化验/影像。,症状减轻、生命体征稳定或趋于目标范围；无新增不良事件；患者/家属理解并配合。,解释原因与注意事项；告知红旗症状及呼叫铃使用；饮食/活动/用药依从；安全防护（跌倒/感染/压疮）。,主诉：患者诉镇静镇痛风险相关不适。评估：T×℃ P×次/分 R×次/分 BP××mmHg SpO₂××%，症状××。处理：已实施监测与对症护理，遵医嘱给予××，完善宣教。复评：急性变化：15–30分钟复评；稳定后：1–4小时复评；按医嘱复查化验/影像。，症状××，生命体征××。,"S：患者出现镇静镇痛风险（程度××）。
B：既往××，近期治疗/用药××。
A：生命体征××，相关检查××，评估为××风险。
R：建议/已执行××，请评估是否需调整治疗/进一步检查。",《护理学基础》《内科护理学》《外科护理学》；医院制度/流程；相关指南共识（按需补充）。
56,老年综合征风险,基础护理风险,风险,老年综合征风险常见原因包括基础疾病、治疗相关因素（如手术/药物/化疗）、摄入与丢失失衡或感染/炎症等；需结合病史与趋势判断。,任一出现需立即升级：生命体征不稳、意识改变、呼吸困难/低氧、持续加重、胸痛/出血、抽搐、尿量明显减少。,生命体征（T/P/R/BP/SpO₂）、症状性质与程度、起病时间与诱因、既往史/用药史、相关体征、检查检验趋势。,安全优先：体位与气道管理；遵医嘱对因/对症；加强监测与记录；处理可逆诱因；必要时通知医生/启动急救流程。,急性变化：15–30分钟复评；稳定后：1–4小时复评；按医嘱复查化验/影像。,症状减轻、生命体征稳定或趋于目标范围；无新增不良事件；患者/家属理解并配合。,解释原因与注意事项；告知红旗症状及呼叫铃使用；饮食/活动/用药依从；安全防护（跌倒/感染/压疮）。,主诉：患者诉老年综合征风险相关不适。评估：T×℃ P×次/分 R×次/分 BP××mmHg SpO₂××%，症状××。处理：已实施监测与对症护理，遵医嘱给予××，完善宣教。复评：急性变化：15–30分钟复评；稳定后：1–4小时复评；按医嘱复查化验/影像。，症状××，生命体征××。,"S：患者出现老年综合征风险（程度××）。
B：既往××，近期治疗/用药××。
A：生命体征××，相关检查××，评估为××风险。
R：建议/已执行××，请评估是否需调整治疗/进一步检查。",《护理学基础》《内科护理学》《外科护理学》；医院制度/流程；相关指南共识（按需补充）。
57,术前评估,围手术期护理,围手术期,术前评估常见原因包括基础疾病、治疗相关因素（如手术/药物/化疗）、摄入与丢失失衡或感染/炎症等；需结合病史与趋势判断。,任一出现需立即升级：生命体征不稳、意识改变、呼吸困难/低氧、持续加重、胸痛/出血、抽搐、尿量明显减少。,生命体征（T/P/R/BP/SpO₂）、症状性质与程度、起病时间与诱因、既往史/用药史、相关体征、检查检验趋势。,安全优先：体位与气道管理；遵医嘱对因/对症；加强监测与记录；处理可逆诱因；必要时通知医生/启动急救流程。,急性变化：15–30分钟复评；稳定后：1–4小时复评；按医嘱复查化验/影像。,症状减轻、生命体征稳定或趋于目标范围；无新增不良事件；患者/家属理解并配合。,解释原因与注意事项；告知红旗症状及呼叫铃使用；饮食/活动/用药依从；安全防护（跌倒/感染/压疮）。,主诉：患者诉术前评估相关不适。评估：T×℃ P×次/分 R×次/分 BP××mmHg SpO₂××%，症状××。处理：已实施监测与对症护理，遵医嘱给予××，完善宣教。复评：急性变化：15–30分钟复评；稳定后：1–4小时复评；按医嘱复查化验/影像。，症状××，生命体征××。,"S：患者出现术前评估（程度××）。
B：既往××，近期治疗/用药××。
A：生命体征××，相关检查××，评估为××风险。
R：建议/已执行××，请评估是否需调整治疗/进一步检查。",《护理学基础》《内科护理学》《外科护理学》；医院制度/流程；相关指南共识（按需补充）。
58,术后出血,围手术期护理,围手术期,术后出血常见原因包括基础疾病、治疗相关因素（如手术/药物/化疗）、摄入与丢失失衡或感染/炎症等；需结合病史与趋势判断。,任一出现需立即升级：生命体征不稳、意识改变、呼吸困难/低氧、持续加重、胸痛/出血、抽搐、尿量明显减少。,生命体征（T/P/R/BP/SpO₂）、症状性质与程度、起病时间与诱因、既往史/用药史、相关体征、检查检验趋势。,安全优先：体位与气道管理；遵医嘱对因/对症；加强监测与记录；处理可逆诱因；必要时通知医生/启动急救流程。,急性变化：15–30分钟复评；稳定后：1–4小时复评；按医嘱复查化验/影像。,症状减轻、生命体征稳定或趋于目标范围；无新增不良事件；患者/家属理解并配合。,解释原因与注意事项；告知红旗症状及呼叫铃使用；饮食/活动/用药依从；安全防护（跌倒/感染/压疮）。,主诉：患者诉术后出血相关不适。评估：T×℃ P×次/分 R×次/分 BP××mmHg SpO₂××%，症状××。处理：已实施监测与对症护理，遵医嘱给予××，完善宣教。复评：急性变化：15–30分钟复评；稳定后：1–4小时复评；按医嘱复查化验/影像。，症状××，生命体征××。,"S：患者出现术后出血（程度××）。
B：既往××，近期治疗/用药××。
A：生命体征××，相关检查××，评估为××风险。
R：建议/已执行××，请评估是否需调整治疗/进一步检查。",《护理学基础》《内科护理学》《外科护理学》；医院制度/流程；相关指南共识（按需补充）。
59,术后镇痛,围手术期护理,围手术期,术后镇痛常见原因包括基础疾病、治疗相关因素（如手术/药物/化疗）、摄入与丢失失衡或感染/炎症等；需结合病史与趋势判断。,任一出现需立即升级：生命体征不稳、意识改变、呼吸困难/低氧、持续加重、胸痛/出血、抽搐、尿量明显减少。,生命体征（T/P/R/BP/SpO₂）、症状性质与程度、起病时间与诱因、既往史/用药史、相关体征、检查检验趋势。,安全优先：体位与气道管理；遵医嘱对因/对症；加强监测与记录；处理可逆诱因；必要时通知医生/启动急救流程。,急性变化：15–30分钟复评；稳定后：1–4小时复评；按医嘱复查化验/影像。,症状减轻、生命体征稳定或趋于目标范围；无新增不良事件；患者/家属理解并配合。,解释原因与注意事项；告知红旗症状及呼叫铃使用；饮食/活动/用药依从；安全防护（跌倒/感染/压疮）。,主诉：患者诉术后镇痛相关不适。评估：T×℃ P×次/分 R×次/分 BP××mmHg SpO₂××%，症状××。处理：已实施监测与对症护理，遵医嘱给予××，完善宣教。复评：急性变化：15–30分钟复评；稳定后：1–4小时复评；按医嘱复查化验/影像。，症状××，生命体征××。,"S：患者出现术后镇痛（程度××）。
B：既往××，近期治疗/用药××。
A：生命体征××，相关检查××，评估为××风险。
R：建议/已执行××，请评估是否需调整治疗/进一步检查。",《护理学基础》《内科护理学》《外科护理学》；医院制度/流程；相关指南共识（按需补充）。
60,术后并发症监测,围手术期护理,围手术期,术后并发症监测常见原因包括基础疾病、治疗相关因素（如手术/药物/化疗）、摄入与丢失失衡或感染/炎症等；需结合病史与趋势判断。,任一出现需立即升级：生命体征不稳、意识改变、呼吸困难/低氧、持续加重、胸痛/出血、抽搐、尿量明显减少。,生命体征（T/P/R/BP/SpO₂）、症状性质与程度、起病时间与诱因、既往史/用药史、相关体征、检查检验趋势。,安全优先：体位与气道管理；遵医嘱对因/对症；加强监测与记录；处理可逆诱因；必要时通知医生/启动急救流程。,急性变化：15–30分钟复评；稳定后：1–4小时复评；按医嘱复查化验/影像。,症状减轻、生命体征稳定或趋于目标范围；无新增不良事件；患者/家属理解并配合。,解释原因与注意事项；告知红旗症状及呼叫铃使用；饮食/活动/用药依从；安全防护（跌倒/感染/压疮）。,主诉：患者诉术后并发症监测相关不适。评估：T×℃ P×次/分 R×次/分 BP××mmHg SpO₂××%，症状××。处理：已实施监测与对症护理，遵医嘱给予××，完善宣教。复评：急性变化：15–30分钟复评；稳定后：1–4小时复评；按医嘱复查化验/影像。，症状××，生命体征××。,"S：患者出现术后并发症监测（程度××）。
B：既往××，近期治疗/用药××。
A：生命体征××，相关检查××，评估为××风险。
R：建议/已执行××，请评估是否需调整治疗/进一步检查。",《护理学基础》《内科护理学》《外科护理学》；医院制度/流程；相关指南共识（按需补充）。
